Rating,URL,Review Count,Price,Description
Women Casual Fashion California Hoodie Los Angeles Pullover Drawstring Graphic Sweatshirt,$26.99,4.0 out of 5 stars,"(1,061)",https://www.amazon.com//gp/slredirect/picassoRedirect.html/ref=pa_sp_atf_aps_sr_pg1_1?ie=UTF8&adId=A1022836142G7ILUDRIS3&qualifier=1673311108&id=7159014307471089&widgetName=sp_atf&url=%2FSOLY-HUX-Womens-Drawstring-Sweatshirt%2Fdp%2FB096B5SLXP%2Fref%3Dsr_1_1_sspa%3Fcrid%3D1HT27OCBDLP2O%26keywords%3Dhoodie%26qid%3D1673311108%26sprefix%3Dhoodie%252Caps%252C87%26sr%3D8-1-spons%26psc%3D1
"Men's Sweatshirt, EcoSmart Fleece Hoodie, Cotton-Blend Fleece Hooded Sweatshirt, Plush Fleece Pullover Hoodie",$14.59,4.5 out of 5 stars,"(161,334)",https://www.amazon.com//Hanes-Pullover-EcoSmart-Fleece-4X-Large/dp/B00JUM311E/ref=sr_1_2?crid=1HT27OCBDLP2O&keywords=hoodie&qid=1673311108&sprefix=hoodie%2Caps%2C87&sr=8-2
"Eversoft Fleece Sweatshirts & Hoodies, Moisture Wicking & Breathable, Sizes S-4X",$11.24,4.6 out of 5 stars,"(48,038)",https://www.amazon.com//Fruit-Loom-Eversoft-Sweatshirts-Pullover-Black/dp/B08YHBW4J5/ref=sr_1_3?crid=1HT27OCBDLP2O&keywords=hoodie&qid=1673311108&sprefix=hoodie%2Caps%2C87&sr=8-3
Men’s Ultimate Cotton Heavyweight Pullover Hoodie Sweatshirt,$16.99,4.5 out of 5 stars,"(43,791)",https://www.amazon.com//Hanes-Pullover-Ultimate-Heavyweight-Fleece/dp/B00JUMDZTC/ref=sr_1_4?crid=1HT27OCBDLP2O&keywords=hoodie&qid=1673311108&sprefix=hoodie%2Caps%2C87&sr=8-4
"Men's Sweatshirt, Powerblend Hoodie for Men, Iconic 'C' Logo",$25.00,4.7 out of 5 stars,"(51,599)",https://www.amazon.com//Champion-Powerblend-Pullover-Hoodie-Black/dp/B01HIUTCW6/ref=sr_1_5?crid=1HT27OCBDLP2O&keywords=hoodie&qid=1673311108&sprefix=hoodie%2Caps%2C87&sr=8-5
"Adult Fleece Hooded Sweatshirt, Style G18500",$16.37,4.6 out of 5 stars,"(104,392)",https://www.amazon.com//Gildan-Fleece-Sweatshirt-G18500-X-Large/dp/B01B9K2JB2/ref=sr_1_6?crid=1HT27OCBDLP2O&keywords=hoodie&qid=1673311108&sprefix=hoodie%2Caps%2C87&sr=8-6
"Men's Hoodie, EcoSmart Fleece Zip-Front Hooded Sweatshirt, Cotton-Blend Fleece Hooded Sweatshirt, Mid-Weight Zip-Up",$13.00,4.6 out of 5 stars,"(109,462)",https://www.amazon.com//Hanes-Full-Zip-EcoSmart-Fleece-Hoodie/dp/B071FT2J6D/ref=sr_1_7?crid=1HT27OCBDLP2O&keywords=hoodie&qid=1673311108&sprefix=hoodie%2Caps%2C87&sr=8-7
Men's Hooded Fleece Sweatshirt,$22.50,4.6 out of 5 stars,"(38,657)",https://www.amazon.com//Amazon-Essentials-Hooded-Fleece-Sweatshirt/dp/B075JNL9T3/ref=sr_1_8?crid=1HT27OCBDLP2O&keywords=hoodie&qid=1673311108&sprefix=hoodie%2Caps%2C87&sr=8-8
Mens Pullover Fleece Hoodie,$51.25,4.8 out of 5 stars,(140),https://www.amazon.com//Nike-Club-Hoodie-Navy-L/dp/B08D3XMDFX/ref=sr_1_9?crid=1HT27OCBDLP2O&keywords=hoodie&qid=1673311108&sprefix=hoodie%2Caps%2C87&sr=8-9
"Men's Pullover Hoodie, Powerblend Fleece Midweight Hooded Sweatshirt For Men, Best Hoodies for Men, Script",$24.00,4.7 out of 5 stars,"(71,356)",https://www.amazon.com//Champion-Graphic-Powerblend-Fleece-XX-Large/dp/B078GLSGSS/ref=sr_1_10?crid=1HT27OCBDLP2O&keywords=hoodie&qid=1673311108&sprefix=hoodie%2Caps%2C87&sr=8-10
"Hooded Long-Sleeve Tee, Cotton Men's T-Shirt Hoodie, Script Logo",$24.00,4.5 out of 5 stars,"(21,276)",https://www.amazon.com//Champion-Sleeve-T-shirt-Hoodie-Black-549921/dp/B07L68SZJS/ref=sr_1_11?crid=1HT27OCBDLP2O&keywords=hoodie&qid=1673311108&sprefix=hoodie%2Caps%2C87&sr=8-11
Mens Heavy Blend Hooded Sweatshirt,$18.40,4.5 out of 5 stars,"(4,347)",https://www.amazon.com//Gildan-Fleece-Sweatshirt-X-Large-Military/dp/B08GSHMPVC/ref=sr_1_12?crid=1HT27OCBDLP2O&keywords=hoodie&qid=1673311108&sprefix=hoodie%2Caps%2C87&sr=8-12
Womens Casual Winter Warm Fleece Sherpa Lined Pullover Hooded Sweatshirt,$39.96,4.6 out of 5 stars,"(3,230)",https://www.amazon.com//Haellun-Womens-Casual-Pullover-Sweatshirt/dp/B08FQXQ2YM/ref=sr_1_13?crid=1HT27OCBDLP2O&keywords=hoodie&qid=1673311108&sprefix=hoodie%2Caps%2C87&sr=8-13
Men's Loose Fit Midweight Sweatshirt,$49.99,4.7 out of 5 stars,"(39,933)",https://www.amazon.com//Carhartt-Midweight-Sweatshirt-fashion-hoodies/dp/B075M7KPXP/ref=sr_1_14?crid=1HT27OCBDLP2O&keywords=hoodie&qid=1673311108&sprefix=hoodie%2Caps%2C87&sr=8-14
Men's Sherpa-Lined Pullover Hoodie Sweatshirt,$32.00,4.6 out of 5 stars,"(9,269)",https://www.amazon.com//Amazon-Essentials-Standard-Pullover-Sweatshirt/dp/B07P7V4Q6P/ref=sr_1_15?crid=1HT27OCBDLP2O&keywords=hoodie&qid=1673311108&sprefix=hoodie%2Caps%2C87&sr=8-15
Men's Novelty Hoodie Long Sleeves 3D Funny Graphic Print Sweatshirt Pullover,$22.98,4.2 out of 5 stars,"(2,286)",https://www.amazon.com//Chaos-World-Sweatshirt-Pullover-3X-Large/dp/B09HKRDWVM/ref=sr_1_16?crid=1HT27OCBDLP2O&keywords=hoodie&qid=1673311108&sprefix=hoodie%2Caps%2C87&sr=8-16
Men's Full-Zip Fleece Mock Neck Sweatshirt,$10.90,4.5 out of 5 stars,"(10,053)",https://www.amazon.com//gp/slredirect/picassoRedirect.html/ref=pa_sp_mtf_aps_sr_pg1_1?ie=UTF8&adId=A02868402I8290MO9256W&qualifier=1673311108&id=7159014307471089&widgetName=sp_mtf&url=%2FAmazon-Essentials-Standard-Full-Zip-Sweatshirt%2Fdp%2FB07P5PQJLN%2Fref%3Dsr_1_17_sspa%3Fcrid%3D1HT27OCBDLP2O%26keywords%3Dhoodie%26qid%3D1673311108%26sprefix%3Dhoodie%252Caps%252C87%26sr%3D8-17-spons%26psc%3D1
"Custom Hoodie For Men,Graphic Hoodies Personalized Text Photos Sweatshirt",$22.88, , ,https://www.amazon.com//gp/slredirect/picassoRedirect.html/ref=pa_sp_mtf_aps_sr_pg1_1?ie=UTF8&adId=A10312472MUNBUT1AF3I4&qualifier=1673311108&id=7159014307471089&widgetName=sp_mtf&url=%2FAznimcg-Custom-Hoodies-Personalized-Sweatshirt%2Fdp%2FB0BN1N2M98%2Fref%3Dsr_1_18_sspa%3Fcrid%3D1HT27OCBDLP2O%26keywords%3Dhoodie%26qid%3D1673311108%26sprefix%3Dhoodie%252Caps%252C87%26sr%3D8-18-spons%26psc%3D1
Men's Novelty Color Block Pullover Fleece Hoodie Long Sleeve Casual Sweatshirt with Pocket,$29.99,4.5 out of 5 stars,"(8,684)",https://www.amazon.com//gp/slredirect/picassoRedirect.html/ref=pa_sp_mtf_aps_sr_pg1_1?ie=UTF8&adId=A02764331KWX8Y5CM8EUE&qualifier=1673311108&id=7159014307471089&widgetName=sp_mtf&url=%2FGesean-Lightweight-Hoodie-Sweatshirt-X-Large%2Fdp%2FB08LPH2KV5%2Fref%3Dsr_1_19_sspa%3Fcrid%3D1HT27OCBDLP2O%26keywords%3Dhoodie%26qid%3D1673311108%26sprefix%3Dhoodie%252Caps%252C87%26sr%3D8-19-spons%26psc%3D1
Men's Maplewood Hooded Shirt Jacket,$79.99,4.6 out of 5 stars,"(11,275)",https://www.amazon.com//gp/slredirect/picassoRedirect.html/ref=pa_sp_mtf_aps_sr_pg1_1?ie=UTF8&adId=A06133962YE6NXZRGQ0F1&qualifier=1673311108&id=7159014307471089&widgetName=sp_mtf&url=%2FLegendary-Whitetails-Maplewood-Hooded-Hatchet%2Fdp%2FB075ZGNCKC%2Fref%3Dsr_1_20_sspa%3Fcrid%3D1HT27OCBDLP2O%26keywords%3Dhoodie%26qid%3D1673311108%26sprefix%3Dhoodie%252Caps%252C87%26sr%3D8-20-spons%26psc%3D1
Men's Graphic Hoodies Letter Print Long Sleeve Drawstring Pocket Pullover Sweatshirt,$29.99,4.4 out of 5 stars,(82),https://www.amazon.com//SOLY-HUX-Drawstring-Pullover-Sweatshirt/dp/B0B8D34G68/ref=sr_1_21?crid=1HT27OCBDLP2O&keywords=hoodie&qid=1673311108&sprefix=hoodie%2Caps%2C87&sr=8-21
Women's French Terry Fleece Pullover Hoodie (Available in Plus Size),$16.40,4.4 out of 5 stars,"(10,167)",https://www.amazon.com//Amazon-Essentials-Womens-French-Pullover/dp/B07R54MCNH/ref=sr_1_22?crid=1HT27OCBDLP2O&keywords=hoodie&qid=1673311108&sprefix=hoodie%2Caps%2C87&sr=8-22
Del Mex Mexican Baja Hoodie Sweater Jerga Pullover Red Gray Unisex,$33.99,4.5 out of 5 stars,"(6,878)",https://www.amazon.com//Mexican-Baja-Sweater-Sweatshirt-Pullover/dp/B07L4HL5HY/ref=sr_1_23?crid=1HT27OCBDLP2O&keywords=hoodie&qid=1673311108&sprefix=hoodie%2Caps%2C87&sr=8-23
Men's NuBlend Fleece Hoodies & Sweatshirts,$14.99,4.6 out of 5 stars,"(34,828)",https://www.amazon.com//Jerzees-NuBlend-Sweatshirts-Hoodies-Hoodie-Black/dp/B00T7U6FPI/ref=sr_1_24?crid=1HT27OCBDLP2O&keywords=hoodie&qid=1673311108&sprefix=hoodie%2Caps%2C87&sr=8-24
Patriot Defined Hoodie,$47.95,4.1 out of 5 stars,(7),https://www.amazon.com//gp/slredirect/picassoRedirect.html/ref=pa_sp_mtf_aps_sr_pg1_1?ie=UTF8&adId=A069974832L5XX38UBGU9&qualifier=1673311108&id=7159014307471089&widgetName=sp_mtf&url=%2FGrunt-Style-Patriot-Defined-Hoodie%2Fdp%2FB0BH9CSJZW%2Fref%3Dsr_1_25_sspa%3Fcrid%3D1HT27OCBDLP2O%26keywords%3Dhoodie%26qid%3D1673311108%26sprefix%3Dhoodie%252Caps%252C87%26sr%3D8-25-spons%26psc%3D1
Men's Novelty Hoodie Realistic 3D Print Pullover Unisex Casual Sweatshirt,$29.98,4.3 out of 5 stars,"(4,086)",https://www.amazon.com//gp/slredirect/picassoRedirect.html/ref=pa_sp_mtf_aps_sr_pg1_1?ie=UTF8&adId=A0462362327OVG17J32JV&qualifier=1673311108&id=7159014307471089&widgetName=sp_mtf&url=%2FChaos-World-Realistic-Pullover-Sweatshirt%2Fdp%2FB0828XB5QB%2Fref%3Dsr_1_26_sspa%3Fcrid%3D1HT27OCBDLP2O%26keywords%3Dhoodie%26qid%3D1673311108%26sprefix%3Dhoodie%252Caps%252C87%26sr%3D8-26-spons%26psc%3D1%26smid%3DA3GYVP5YCU59JR
"Men's Heavyweight Wool Jacket, Quilted Lined Zip-Front Shirt Jacket, Outdoor Long Sleeve Jackets",$95.98,4.8 out of 5 stars,(6),https://www.amazon.com//gp/slredirect/picassoRedirect.html/ref=pa_sp_mtf_aps_sr_pg1_1?ie=UTF8&adId=A0156881YKVYJL8A7LNM&qualifier=1673311108&id=7159014307471089&widgetName=sp_mtf&url=%2FCQR-Heavyweight-Quilted-Zip-Front-Outdoor%2Fdp%2FB0B13YMXKP%2Fref%3Dsr_1_27_sspa%3Fcrid%3D1HT27OCBDLP2O%26keywords%3Dhoodie%26qid%3D1673311108%26sprefix%3Dhoodie%252Caps%252C87%26sr%3D8-27-spons%26psc%3D1
Custom Cotton Hoodies Sweatshirt Personalized Sweater Sport Comfortable Men,$25.99,4.1 out of 5 stars,(61),https://www.amazon.com//gp/slredirect/picassoRedirect.html/ref=pa_sp_mtf_aps_sr_pg1_1?ie=UTF8&adId=A03449981WUT8VBP06FVM&qualifier=1673311108&id=7159014307471089&widgetName=sp_mtf&url=%2FHoodies-Sweatshirt-Personalized-Sweater-Comfortable%2Fdp%2FB07GH3L17L%2Fref%3Dsr_1_28_sspa%3Fcrid%3D1HT27OCBDLP2O%26keywords%3Dhoodie%26qid%3D1673311108%26sprefix%3Dhoodie%252Caps%252C87%26sr%3D8-28-spons%26psc%3D1
"Adult Fleece Zip Hooded Sweatshirt, Style G18600",$12.99,4.6 out of 5 stars,"(48,780)",https://www.amazon.com//Gildan-Sweatshirt-Extended-Heather-XX-Large/dp/B01LZQAO68/ref=sr_1_29?crid=1HT27OCBDLP2O&keywords=hoodie&qid=1673311108&sprefix=hoodie%2Caps%2C87&sr=8-29
Men's Sherpa-Lined Full-Zip Hooded Fleece Sweatshirt,$31.50,4.7 out of 5 stars,"(20,990)",https://www.amazon.com//Amazon-Essentials-Sherpa-Full-Zip-Sweatshirt/dp/B079P6JQF7/ref=sr_1_30?crid=1HT27OCBDLP2O&keywords=hoodie&qid=1673311108&sprefix=hoodie%2Caps%2C87&sr=8-30
Men’s Rival Fleece Fitted Hoodie,$33.75,4.7 out of 5 stars,"(10,548)",https://www.amazon.com//Under-Armour-Fleece-Hoodie-Medium/dp/B07YXMV5K9/ref=sr_1_31?crid=1HT27OCBDLP2O&keywords=hoodie&qid=1673311108&sprefix=hoodie%2Caps%2C87&sr=8-31
"Reverse Weave Pullover Hooded Sweatshirt, Best Comfortable Hoodies for Men, Left Chest C",$48.75,4.6 out of 5 stars,"(10,139)",https://www.amazon.com//Champion-Reverse-Pullover-Pink-Y06145-3X-Large/dp/B09NDWHKY2/ref=sr_1_32?crid=1HT27OCBDLP2O&keywords=hoodie&qid=1673311108&sprefix=hoodie%2Caps%2C87&sr=8-32
Men's Lightweight French Terry Hooded Sweatshirt,$23.40,4.5 out of 5 stars,"(4,058)",https://www.amazon.com//Amazon-Essentials-Lightweight-Sweatshirt-Heather/dp/B08J93YH1V/ref=sr_1_33?crid=1HT27OCBDLP2O&keywords=hoodie&qid=1673311108&sprefix=hoodie%2Caps%2C87&sr=8-33
"Women's Full-Zip Hooded Sweatshirt, EcoSmart Women's Sweatshirt, Women's Comfortable Hoodie",$10.88,4.4 out of 5 stars,"(33,574)",https://www.amazon.com//Hanes-Womens-Full-Ebony-Medium/dp/B01B77VKDA/ref=sr_1_34?crid=1HT27OCBDLP2O&keywords=hoodie&qid=1673311108&sprefix=hoodie%2Caps%2C87&sr=8-34
"Women’s Slub Knit Hoodie, Women’s Zip-Front Hoodie, Women’s Cotton Jersey Hoodie, Knit Cotton Jacket",$10.00,4.3 out of 5 stars,"(46,325)",https://www.amazon.com//Hanes-Womens-Jersey-Hoodie-White/dp/B016YKL60M/ref=sr_1_35?crid=1HT27OCBDLP2O&keywords=hoodie&qid=1673311108&sprefix=hoodie%2Caps%2C87&sr=8-35
Women Zip Up Hoodies Long Fleece Jacket Lightweight Tunic Hooded Sweatshirt Oversize Winter Coat With Pockets,$41.99,4.3 out of 5 stars,"(4,079)",https://www.amazon.com//Zeagoo-Zip-Front-Hoodies-Drawstring-Sweatshirt/dp/B0B3434QKM/ref=sr_1_37?crid=1HT27OCBDLP2O&keywords=hoodie&qid=1673311108&sprefix=hoodie%2Caps%2C87&sr=8-37
"Men's Sweatshirts, Hanes Ultimate Men's Full-Zip Hoodie, Men's Zip-Up Jackets, Men's Hooded Zip Sweatshirts",$18.50,4.5 out of 5 stars,"(28,618)",https://www.amazon.com//Hanes-Ultimate-Heavyweight-Fleece-Hoodie/dp/B00JUMFCES/ref=sr_1_38?crid=1HT27OCBDLP2O&keywords=hoodie&qid=1673311108&sprefix=hoodie%2Caps%2C87&sr=8-38
Womens Hoodies Fleece Lined Collar Pullover 1/2 Zipper Sweatshirts Long Sleeve Crop Tops Sweater Thumb Hole,$39.99,4.5 out of 5 stars,"(2,698)",https://www.amazon.com//LASLULU-Cropped-Athletic-Sweatshirt-Pullover/dp/B09J8BYR9H/ref=sr_1_39?crid=1HT27OCBDLP2O&keywords=hoodie&qid=1673311108&sprefix=hoodie%2Caps%2C87&sr=8-39
Men's Rain Defender® Loose Fit Heavyweight Sweatshirt,$59.99,4.8 out of 5 stars,"(21,215)",https://www.amazon.com//Carhartt-Defender-Paxton-Heavyweight-Sweatshirt/dp/B00FXPSE3W/ref=sr_1_40?crid=1HT27OCBDLP2O&keywords=hoodie&qid=1673311108&sprefix=hoodie%2Caps%2C87&sr=8-40
Womens Sweatshirts Fleece Lined 1/2 Zipper Collar Pullover Sweatshirts Long Sleeve Crop Tops Sweater Thumb Hole,$39.99,4.5 out of 5 stars,(207),https://www.amazon.com//LASLULU-Cropped-Sweatshirt-Athletic-Pullover/dp/B0B6R8SQ1N/ref=sr_1_41?crid=1HT27OCBDLP2O&keywords=hoodie&qid=1673311108&sprefix=hoodie%2Caps%2C87&sr=8-41
Men's Essentials Colorblock Full Zip Hoodie,$32.50,4.7 out of 5 stars,(147),https://www.amazon.com//adidas-Essentials-Colorblock-Hoodie-Carbon/dp/B09KMZBJ9K/ref=sr_1_42?crid=1HT27OCBDLP2O&keywords=hoodie&qid=1673311108&sprefix=hoodie%2Caps%2C87&sr=8-42
Disney | Marvel | Star Wars Men's Fleece Pullover Hoodie Sweatshirts,$25.20,4.7 out of 5 stars,"(2,131)",https://www.amazon.com//Amazon-Essentials-Pullover-Sweatshirt-XX-Large/dp/B0864K6PJX/ref=sr_1_43?crid=1HT27OCBDLP2O&keywords=hoodie&qid=1673311108&sprefix=hoodie%2Caps%2C87&sr=8-43
Men's Rival Fleece Big Logo Hoodie,$21.97,4.8 out of 5 stars,"(7,261)",https://www.amazon.com//Under-Armour-Rival-Fleece-Black/dp/B07YXN7J2N/ref=sr_1_44?crid=1HT27OCBDLP2O&keywords=hoodie&qid=1673311108&sprefix=hoodie%2Caps%2C87&sr=8-44
Mens Christmas Hoodies Pullover Unisex Sweatshirt Graphic Hoodies For Men 3D Hoodie For Women,$19.99,4.3 out of 5 stars,"(1,343)",https://www.amazon.com//Hoodies-Pullover-Unisex-Sweatshirt-Graphic/dp/B099WNC5XP/ref=sr_1_46?crid=1HT27OCBDLP2O&keywords=hoodie&qid=1673311108&sprefix=hoodie%2Caps%2C87&sr=8-46
Men's Dri-Power Color Block Fleece Hoodie,$19.35,4.7 out of 5 stars,"(1,341)",https://www.amazon.com//Russell-Athletic-Pullover-Fleece-XX-Large/dp/B01I25DJ2U/ref=sr_1_47?crid=1HT27OCBDLP2O&keywords=hoodie&qid=1673311108&sprefix=hoodie%2Caps%2C87&sr=8-47
Men’s NuBlend Hoodies & Sweatshirts (Retired Colors),$14.00,4.6 out of 5 stars,"(2,680)",https://www.amazon.com//Jerzees-Pullover-Hooded-Sweatshirt-Columbia/dp/B00L4FHZ8U/ref=sr_1_48?crid=1HT27OCBDLP2O&keywords=hoodie&qid=1673311108&sprefix=hoodie%2Caps%2C87&sr=8-48
"Men's Sweatshirt, EcoSmart Fleece Crewneck Sweatshirt, Cotton-Blend Fleece Sweatshirt, Plush Fleece Pullover Sweatshirt",$11.00,4.6 out of 5 stars,"(148,490)",https://www.amazon.com//Hanes-Ecosmart-Fleece-Sweatshirt-Medium/dp/B01L8JJ840/ref=sr_1_49?crid=1HT27OCBDLP2O&keywords=hoodie&qid=1673311108&sprefix=hoodie%2Caps%2C87&sr=8-49
Women's Plus Size French Terry Fleece Pullover Hoodie,$13.10,4.1 out of 5 stars,"(1,934)",https://www.amazon.com//Amazon-Essentials-Womens-French-Pullover/dp/B07QZHVTH4/ref=sr_1_50?crid=1HT27OCBDLP2O&keywords=hoodie&qid=1673311108&sprefix=hoodie%2Caps%2C87&sr=8-50
Women's Sherpa Pullover Fuzzy Fleece Sweatshirt Oversized Hoodies,$29.89,4.3 out of 5 stars,"(5,448)",https://www.amazon.com//COCOLEGGINGS-Oversized-Hoodies-Pullover-Sweatshirts/dp/B0BFDVHNNW/ref=sr_1_51?crid=1HT27OCBDLP2O&keywords=hoodie&qid=1673311108&sprefix=hoodie%2Caps%2C87&sr=8-51
Men's Novelty Color Block Pullover Fleece Hoodie Long Sleeve Casual Sweatshirt with Pocket,$29.99,4.5 out of 5 stars,"(8,684)",https://www.amazon.com//Gesean-Colorful-Pullover-Sweatshirt-Clothes/dp/B08LPJ28R5/ref=sr_1_52?crid=1HT27OCBDLP2O&keywords=hoodie&qid=1673311108&sprefix=hoodie%2Caps%2C87&sr=8-52
Women's French Terry Fleece Full-Zip Hoodie (Available in Plus Size),$21.70,4.4 out of 5 stars,"(5,728)",https://www.amazon.com//Amazon-Essentials-Full-Zip-X-Large-Regular/dp/B07BJ8GVFJ/ref=sr_1_53?crid=1HT27OCBDLP2O&keywords=hoodie&qid=1673311108&sprefix=hoodie%2Caps%2C87&sr=8-53
Men's Full-Zip Hooded Fleece Sweatshirt (Available in Big & Tall),$20.20,4.6 out of 5 stars,"(40,830)",https://www.amazon.com//Amazon-Essentials-Full-Zip-Hooded-Sweatshirt/dp/B075JV7RWV/ref=sr_1_54?crid=1HT27OCBDLP2O&keywords=hoodie&qid=1673311108&sprefix=hoodie%2Caps%2C87&sr=8-54
Men's Loose Fit Midweight Logo Sleeve Graphic Sweatshirt,$54.99,4.8 out of 5 stars,"(46,495)",https://www.amazon.com//Carhartt-Midweight-Sleeve-Sweatshirt-Regular/dp/B002G9UD82/ref=sr_1_55?crid=1HT27OCBDLP2O&keywords=hoodie&qid=1673311108&sprefix=hoodie%2Caps%2C87&sr=8-55
Womens Oversized Sherpa Pullover Hoodie with Pockets Fuzzy Fleece Sweatshirt Tie Dye Fluffy Coat,$32.99,4.3 out of 5 stars,"(14,618)",https://www.amazon.com//ReachMe-Oversized-Pullover-Pockets-Sweatshirt/dp/B09BYVFP57/ref=sr_1_56?crid=1HT27OCBDLP2O&keywords=hoodie&qid=1673311108&sprefix=hoodie%2Caps%2C87&sr=8-56
Men's Essentials Fleece Hoodie,$48.71,4.7 out of 5 stars,"(1,388)",https://www.amazon.com//adidas-Standard-Essentials-Fleece-Heather/dp/B08MJ9JK5P/ref=sr_1_57?crid=1HT27OCBDLP2O&keywords=hoodie&qid=1673311108&sprefix=hoodie%2Caps%2C87&sr=8-57
Men's Tech Stretch Sleeveless Hoodie,$18.90,4.6 out of 5 stars,(971),https://www.amazon.com//gp/slredirect/picassoRedirect.html/ref=pa_sp_btf_aps_sr_pg1_1?ie=UTF8&adId=A09434541UES2N69UBPZN&qualifier=1673311108&id=7159014307471089&widgetName=sp_btf&url=%2FAmazon-Essentials-Stretch-Sleeveless-X-Large%2Fdp%2FB07FKRDSSN%2Fref%3Dsr_1_58_sspa%3Fcrid%3D1HT27OCBDLP2O%26keywords%3Dhoodie%26qid%3D1673311108%26sprefix%3Dhoodie%252Caps%252C87%26sr%3D8-58-spons%26psc%3D1
Men's Casual Basic Thermal Pullover Hoodie Hooded Sweatshirt with Pocket,$36.99,3.4 out of 5 stars,(8),https://www.amazon.com//gp/slredirect/picassoRedirect.html/ref=pa_sp_btf_aps_sr_pg1_1?ie=UTF8&adId=A00820578QF60EKSFZR5&qualifier=1673311108&id=7159014307471089&widgetName=sp_btf&url=%2FMAKEMECHIC-Thermal-Pullover-Sweatshirt-Chocolate%2Fdp%2FB0B4JRY1C2%2Fref%3Dsr_1_59_sspa%3Fcrid%3D1HT27OCBDLP2O%26keywords%3Dhoodie%26qid%3D1673311108%26sprefix%3Dhoodie%252Caps%252C87%26sr%3D8-59-spons%26psc%3D1%26smid%3DA2U6S5K6X6XQ55
"Men's The Postgame Hoodie, Cozy Fleece",$62.97, , ,https://www.amazon.com//gp/slredirect/picassoRedirect.html/ref=pa_sp_btf_aps_sr_pg1_1?ie=UTF8&adId=A0156124125OAZJ23ZG4C&qualifier=1673311108&id=7159014307471089&widgetName=sp_btf&url=%2FFabletics-Postgame-Hoodie-Fleece-Merlot%2Fdp%2FB0BL5PSTR6%2Fref%3Dsr_1_60_sspa%3Fcrid%3D1HT27OCBDLP2O%26keywords%3Dhoodie%26qid%3D1673311108%26sprefix%3Dhoodie%252Caps%252C87%26sr%3D8-60-spons%26psc%3D1
